{"train/box_loss": 0.93355, "train/cls_loss": 0.46576, "train/dfl_loss": 0.96926, "_timestamp": 1684708022.1972585, "lr/pg0": 0.0006940000000000005, "lr/pg1": 0.0006940000000000005, "lr/pg2": 0.0006940000000000005, "metrics/precision(B)": 0.88663, "metrics/recall(B)": 0.78079, "metrics/mAP50(B)": 0.8384, "metrics/mAP50-95(B)": 0.55181, "val/box_loss": 1.04798, "val/cls_loss": 0.47104, "val/dfl_loss": 1.01652, "model/parameters": 25862689, "model/GFLOPs": 0.0, "model/speed(ms)": 3.804, "_runtime": 23757.39076256752, "_step": 49, "train_batch1": {"_type": "image-file", "sha256": "4da93328c911d98a3a18444903f62394bf91ff2ea09bf6d436f4876ccbe23509", "size": 585529, "path": "media/images/train_batch1_2_4da93328c911d98a3a18.jpg", "format": "jpg", "width": 1920, "height": 1920}, "train_batch2": {"_type": "image-file", "sha256": "e8449a2b0af68802423bff2418fe1231b289516dd2d1351b50d761bf98207191", "size": 586719, "path": "media/images/train_batch2_2_e8449a2b0af68802423b.jpg", "format": "jpg", "width": 1920, "height": 1920}, "train_batch0": {"_type": "image-file", "sha256": "6f125953c622db2367fe19ba113acbff541249e26731e6fc1a5fd2f55aca118e", "size": 571547, "path": "media/images/train_batch0_2_6f125953c622db2367fe.jpg", "format": "jpg", "width": 1920, "height": 1920}}